title|author|issue|DE-640
Der Ehrliche ist der Dumme|Wickert, Ulrich|Ungekürzte Taschenbuchausg.|[]
Moral dilemmas and ethical reasoning|Harding, Carol Gibb|1. Transaction paperback print.|[]
Music in everyday life|DeNora, Tia|9. print.|[]
Stress bewältigen mit Achtsamkeit|Lehrhaupt, Linda Myoki|8. aktualisierte und überarbeitete Auflage|[]
La  tapisserie de Bayeux|Pivard, Gilles|0|[]
Les navires de la conquête|Ridel, Élisabeth|0|[]
Mini Maestro|Heumann, Hans-Günter|0|[]
Mini Maestro|Heumann, Hans-Günter|0|[]
Mini Maestro|Heumann, Hans-Günter|0|[]
Diercke-Grundschulatlas|Elbert, Martina|Bayern, 1. Aufl., Dr. A|[]
Die Welle|Fenske, Ute|1. Aufl.|[]
Insights into non-native vocabulary teaching and learning|Chacón-Beltrán, Rubén|0|[]
The Jukebox in the garden|Ingram, David|0|[]
Johann Wolfgang Goethe, Iphigenie auf Tauris|Schurf, Bernd|1. Auflage|[]
Langenscheidt Handwörterbuch Spanisch|Haensch, Günther|Neubearbeitung 2010, 1. Auflage, [Nachdruck] 2019|[]
Fleishman-Job-Analyse-System für eigenschaftsbezogene Anforderungsanalysen|Kleinmann, Martin|0|[]
Jetzt!|Tolle, Eckhart|Limitierte Jubiläumsausg., Sonderausg., 1. Aufl.|[]
Habitus in habitat|Flach, Sabine|1. ed.|[]
Die Fermi-Box|Büchter, Andreas|1. Auflage|[]
Prof. Dr. G. Rübel Fit im Kopfrechnen - Null Problemo|Eppenstein, Gisela|3. unveränderte Auflage|[]
Ich bin dann mal schlank|Heizmann, Patric|2. Aufl.|[]
Unterwegs auf dem Bauernhof|Neubacher-Fesser, Monika|[Nachdr.]|[]
Sachunterricht und frühe Bildung|Fischer, Hans-Joachim|0|[]
Im Streichelzoo|Möller, Anne|0|[]
Was letztlich zählt - Eschatologie|Englert, Rudolf|0|[]
Faszination Glasperlen|Juricic, Iva|0|[]
Pilot|Atay, Mete|0|[]
Joseph Roth in Berlin|Roth, Joseph|1. Aufl.|[]
Bewegt und selbstsicher|Lienert, Sonja|1. Aufl.|[]
Berthold Brecht, Die Dreigroschenoper|Wöhrle, Dieter|0|[]
Mein erstes Wimmelbuch - im Wald|Henkel, Christine|0|[]
Liebe und Eigenständigkeit|Kohn, Alfie|1. Aufl.|[]
Loci praecipui theologici|Melanchthon, Philipp|Editionem Lipsiensem a. MDLIX|[]
Projekt G|0|1. Aufl.|[]
Wenn ich will, hör ich auf|Färber, Werner|Orig.-Ausg.|[]
Ich trainiere Badminton [Trainiere deine Technik. Verbessere Ausdauer, Kraft und Schnelligkeit. Interview mit Juliane Schenk]|Barth, Katrin|1. Aufl.|[]
Oskar|0|1. Aufl.|[]
Die Auer-Fibel|0|Baden-Württemberg, 1. Aufl.|[]
Paule ist ein Glücksgriff|Boie, Kirsten|0|[]
Teaching critical thinking|hooks, bell|0|[]
Dogs don't do ballet|Kemp, Anna|0|[]
Freddie and the fairy|Donaldson, Julia|0|[]
Das schnelle Glück|Scherling, Theo|0|[]
Liebe im Mai|Scherling, Theo|0|[]
Wie pinkelt eigentlich ein Huhn?|Busche, Sabine|0|[]
Der Regenbogenfisch entdeckt die Tiefsee|Pfister, Marcus|2. Auflage|[]
AusBlick|Fischer-Mitziviris, Anni|1. Aufl.|[]
Mit Erfolg zum Zertifikat Deutsch|Eichheim, Hubert|[Neuausg.], 1. Aufl.|[]
Mit Erfolg zum Zertifikat Deutsch|Eichheim, Hubert|[Neuausg.], 1. Aufl.|[]
Logisch!|Rusch, Paul|0|[]
Ideen|Krenn, Wilfried|1. Aufl.|[]
Logisch!|Dengler, Stefanie|0|[]
Der Zauberlehrling|Mohl, Alexa|9. Aufl.|[]
Gute Nacht, Carola|Hein, Jakob|1. Aufl.|[]
Space, knowledge and power|Crampton, Jeremy W.|Reprint.|[]
Same difference|Garcia Rawles, Calida|Second edition|[]
Logisch!|Dengler, Stefanie|0|[]
Berliner Platz NEU|Seiffert, Christian|0|[]
Langenscheidt, German grammar in a nutshell|Stief, Christine|0|[]
Langenscheidt, Deutsch-Flip - Grammatiktraining|Fleer, Sarah|0|[]
Langenscheidt Premium-Verbtabellen Deutsch|Fleer, Sarah|0|[]
Alltag, Beruf & Co.|Becker, Norbert|1. Aufl.|[]
Alltag, Beruf & Co.|Becker, Norbert|1. Aufl., [Nachdr.]|[]
Geni l|Keller, Susy|[Nachdr.]|[]
Berliner Platz NEU|Lemcke, Christiane|0|[]
Kleine Forscher|0|0|[]
Zur Bedeutung und Erfassung der Intensität von häuslicher Lesesozialisation für die Entstehung sozialer Disparitäten im Lesekompetenzerwerb im Grundschulalter|Tarelli, Irmela|0|[]
Orientierungsrahmen für den Lernbereich Globale Entwicklung im Rahmen einer Bildung füp nachhaltige Entwicklung|Appelt, Dieter|4., überarb. Aufl.|[]
Dracula|Stoker, Bram|0|[]
Patient education in rehabilitation|Dreeben, Olga|0|[]
Trommeln ist Klasse!|Moritz, Ulrich|1. Aufl. A1|[]
Fabian|Kästner, Erich|Neuausg., 1. Aufl.|[]
Das Allerwichtigste|Abbatiello, Antonella|1. Aufl.|[]
Basiswissen Erdkunde|Eggert, Jens|1. Auflage|[]
Der Permakultur-Garten|Bell, Graham|korr., dt. Nachaufl.|[]
Charlie Bone|Nimmo, Jenny|0|[]
Dylan - 100 Songs & Bilder|Dylan, Bob|[Songbook], dt. Erstausg.|[]
Rumblewick and the dinner dragons|Oram, Hiawyn|0|[]
Theorie des Dramas|Staehle, Ulrich|[Nachdr.]|[]
Un papillon dans la cité|Pineau, Gisèle|3e édition|[]
Prince de la rue|Mwankumi, Dominique|0|[]
Rechtschreibtrainer|0|0|[]
Bildkarten zur Sprachförderung|Boretzki, Anja|0|[]
Bildkarten zur Sprachförderung|Boretzki, Anja|0|[]
The 10 p.m. question|De Goldi, Kate|0|[]
Bildkarten zur Sprachförderung|Boretzki, Anja|0|[]
Bildkarten zur Sprachförderung|0|0|[]
Horrid Henry and the football fiend|Simon, Francesca|1st ed|[]
Körperbewusstsein - Körperkult - Schönheit?|Zenner, Cornelia|1. Aufl.|[]
Körperbewusstsein - Körperkult - Schönheit?|Zenner, Cornelia|1. Aufl.|[]
Die Burg im Mittelalter|Howald, Sibylle|2. Auflage|[]
Quidditch im Wandel der Zeiten|Rowling, J. K.|0|[]
Sing pop a cappella|0|0|[]
Oxford solo songs|0|0|[]
One winter's day|Butler, M. Christina|0|[]
Bluthochdruck - auch Ihr Problem?|Didjurgeit, Ulrike|2., überarbeitete Auflage|[]
Deutsch.kombi plus|0|[Ausg.] A, 1. Aufl.|[]
Deutsch.kombi plus|0|[Ausg.] A, 1. Aufl.|[]
Das Kinderbuch zum Gottesdienst|Harprath, Gerda|2. Auflage|[]
Heiligenlegenden in 5-Minuten-Geschichten|Langen, Annette|0|[]
Das kleine Buch der Osterbräuche|Wittmann, Patrick|0|[]
Jesus wird geboren|Brandt, Susanne|0|[]
The young audience|Reason, Matthew|0|[]
The European Space Agency school atlas|0|2. edition|[]
Divine madness|Haule, John R.|Revised edition|[]
Christianity|MacCulloch, Diarmaid|First American edition|[]
Lernziel Musik|Gruhn, Wilfried|2. Aufl.|[]
Manhood for amateurs|Chabon, Michael|1. ed.|[]
Tierphysiologie - Bafög-Ausgabe|Moyes, Cristopher D.|1., neue Ausg.|[]
Let's get started!|0|0|[]
Handbook of adult resilience|Reich, John W.|0|[]
Formen selbst gemacht|Lührs, Klaus-P.|6. überarb. Aufl.|[]
Ich|Waechter, Philip|[Nachdr.]|[]
American horror|0|0|[]
A nous, le rock!|0|1. Aufl.|[]
tom-en-provence.com|Gauvillé, Marie|1. Aufl.|[]
Sous les falaises de craie|Putnai, Marceline|1. Aufl.|[]
Tout au bout des rêves|Darras, Isabelle|1. Aufl.|[]
Diaporama d'histoires|Jambon, Krystelle|1. Aufl.|[]
Arrête ton cinéma, Tarek!|Darras, Isabelle|1. Aufl.|[]
Recontre interculturelle autour de pratiques théâtrales|Aden, Joëlle|0|[]
Deutsch-Stars|0|1. Aufl.|[]
My life as a book|Tashjian, Janet|1. ed.|[]
Diary of a wimpy vampire|Collins, Tim|1. publ.|[]
Tiger Tom|0|1. Aufl.|[]
Tiger Tom|0|1. Aufl.|[]
Pete the cat|Litwin, Eric|0|[]
How Rocket learned to read|Hills, Tad|1. ed.|[]
Bald ist Weihnachten|Stroner, Regine|1. Aufl.|[]
Climate change in Bangladesh|Islam, Tawhidul|0|[]
Lesen. Das Training|0|1. Aufl.|[]
Beautiful oops!|Saltzberg, Barney|0|[]
Out of sight|Pittau, Francisco|0|[]
Who stole the moon?|Stratton-Would, Helen|0|[]
Die Zwicks stehen kopf|Dahl, Roald|8. Aufl.|[]
Shutter Island|Metter, Christian de|1. Aufl.|[]
Wibbly Pig's silly big bear|Inkpen, Mick|0|[]
DIY fashion|Francis-Bryden, Selena|0|[]
Kunst aktiv - kreativ|Schöttle, Herbert|[Nachdr.]|[]
Westermann-Geschichtsatlas|Birkenfeld, Wolfgang|3. Aufl., [Nachdr.]|[]
Tage wie diese|Green, John|1. Aufl.|[]
Die Pecorinos|0|1. Aufl.|[]
Endlich Zeit für Englisch - Vokabeltrainer|0|1. Aufl.|[]
"Platons ""Phaidon"""|Frede, Dorothea|Sonderausgabe|[]
Portobello Road|0|0|[]
Bubble trouble|Mahy, Margaret|0|[]
Wasser|Fiegl, Horst|1. Aufl., [Nachdr.]|[]
Mathematikus|0|0|[]
Berufsvorbereitendes Rechnen|0|2., durchges. und verb. Aufl.|[]
"""Gender in die Lehre"""|Bahnik, Antje|0|[]
Mathehaus|0|1. Aufl., [Nachdr.]|[]
Sputnik|0|0|[]
Löwenzahn und Pusteblume|0|[Neubearb.]|[]
Kinder - Wunsch und Wirklichkeit in der Wissenschaft|Fritsche, Angelika|0|[]
Sunshine|0|1. Aufl.|[]
Männer für erzieherische Berufe gewinnen: Perspektiven definieren und umsetzen|Krebs, Angelika|0|[]
Voices|0|2. korr. Aufl.|[]
Verbrechen|Schirach, Ferdinand von|13. Aufl.|[]
Rund um der Wilde Westen|Scheller, Anne|1. Aufl., 1. Dr.|[]
The cultural studies reader|During, Simon|3. ed., reprint.|[]
Storytelling|Greene, Ellin|4. ed.|[]
Gestationsdiabetes|Leinhos, Brigitte|2. Aufl.|[]
MEDIAS 2 Basis Schulungskoffer|Kulzer, Bernhard|8. Aufl.|[]
Supporting early mathematical development|McGrath, Caroline|0|[]
Bildungsbericht Schweiz 2010|Annen, Luzia|0|[]
Singen wir im Schein der Kerzen|Maierhofer, Lorenz|2. Aufl.|[]
So schmeckt mir Werbung|Freier, Mechthild|0|[]
Begleiter durch das erste Testament|Staubli, Thomas|4. Aufl.|[]
Concepts and measurement of quality of life in health care|Nordenfelt, Lennart|0|[]
Wald|Denk, Claudia|1. Aufl., Nachdr.|[]
Enhancing the use and quality of colorectal cancer screening|Holden, Debra J.|0|[]
Die soziale Konstruktion der Transsexualität|Hirschauer, Stefan|[Nachdr.]|[]
Schulanfang!|Scheller, Heidrun|Nachdr.|[]
Komm mit in das gesunde Boot|Wartha, Olivia Janina|1. Aufl.|[]
Deutsche Geschichte in Quellen und Darstellung|Vom Bruch, Rüdiger|[2., durchges. Aufl., Nachdr.]|[]
London|Clemen, Gina D. B.|1. ed.|[]
Malen, Rätseln, Englisch lernen|Guhe, Irmtraud|0|[]
The owl's song|Traverso, Paola|1. ed.|[]
Assessment in music education|Fautley, Martin|0|[]
The King's Singers swimming over London collection|0|[Partitur]|[]
Singen lernen ? Aber logisch|Faltin, Renate|4., korr. Aufl.|[]
Der kleine Einstern|Bauer, Roland|1. Aufl., 5. Dr.|[]
Einstern|Bauer, Roland|1. Aufl., 1. Dr.|[]
Nussknacker|0|1. Aufl.|[]
Cultural awareness|Tomalin, Barry|1. publ., [repr.]|[]
Writing your journal article in 12 weeks|Belcher, Wendy Laura|[Nachdr.]|[]
Sisyphos oder die Grenzen der Erziehung|Bernfeld, Siegfried|1. Aufl., [Nachdr.]|[]
Professionelle Arbeit mit Eltern|Brandau, Hannes|0|[]
Technik, Werken|0|1. Aufl.|[]
Deutsch-Stars|0|1. Aufl.|[]
Kapitän Albatros|Müller, Bettina|1. Aufl.|[]
Duden, Lesebuch|0|2. Aufl.|[]
Religionsbuch für das ... Schuljahr|0|1. Aufl. [Nachdr.]|[]
Die Kräuterdetektive|Geißelbrecht-Taferner, Leonore|3. Aufl.|[]
Kinder lernen Haustiere kennen|Jung, Heike|1. Aufl.|[]
Gedichte schreiben - aber wie?|Werner, Karen|1. Aufl.|[]
Zeitungswerkstatt|Schwesig, Uwe|4. Aufl.|[]
Betrifft Projektarbeit|Drützler-Heilgeist, Marthamaria|1. Aufl.|[]
Offene Aufgaben aus der Lebensumwelt Zoo|Möwes-Butschko, Gudrun|1. Aufl.|[]
Pusteblume - Das Sachbuch|0|Dr. A|[]
The red tree|Tan, Shaun|Paperback ed., repr.|[]
Artifactual literacies|Pahl, Kate|0|[]
If I stay|Forman, Gayle|0|[]
Mathematik: Schüler individuell fördern: Aufgabenpläne und Materialien ; Lernen in Bausteinen ;  umfassender didaktischer Kommentar ; editierbare Kopiervorlagen|Buchwald, Bianca|1. Aufl.|[]
Mathematik: Schüler individuell fördern: Aufgabenpläne und Materialien ; Lernen in Bausteinen ;  umfassender didaktischer Kommentar ; editierbare Kopiervorlagen|Buchwald, Bianca|1. Aufl.|[]
Treffpunkt RU|0|0|[]
Treffpunkt RU|0|0|[]
Treffpunkt RU|0|Neuausg.|[]
Interkulturelle Impulse für den Sprachenunterricht|Koller, Annelies|0|[]
Literacies, the arts and multimodality|Albers, Peggy|0|[]
Teaching phonics in context|Hornsby, David|0|[]
Adolescents and digital literacies|Kajder, Sara B.|0|[]
Adolescent literacy and the teaching of reading|Appleman, Deborah|0|[]
Lese- und Rechtschreibschwierigkeiten: vorbeugen und überwinden|Sommer-Stumpenhorst, Norbert|11. Aufl.|[]
Diercke drei|0|[Neuausg.],1. Aufl., [Dr. A3]|[]
Teaching chemistry around the world|Risch, Björn|0|[]
Der Praktikumsbegleiter|Wiater, Werner|9. Aufl.|[]
Telecollaboration 2.0|Guth, Sarah|0|[]
The Santa trap|Emmett, Jonathan|0|[]
Die Sakramente|Gretenkord, Ilse|2. Aufl.|[]
Lernen an Stationen in der Sekundarstufe I|Petilliot-Becker, Ilse|Neue Ausg.|[]
Warum tut Papa das?|Kohl, Sylvie|1. Auflage|[]
Die Auer-Fibel|0|Baden-Württemberg, 1. Aufl.|[]
Primo Mathematik|0|0|[]
Tobi|Eder, Katja|1. Aufl.|[]
Elemente der Geometrie|Scheid, Harald|4. Aufl., [Nachdr.]|[]
Soziale Qualität von Nachmittagsbetreuungen und Horten|Gspurning, Waltraud|1. Aufl.|[]
Filme im Unterricht|0|0|[]
New highlight|0|1. Aufl., 1 Dr.|[]
Schulpraktikum|Kretschmer, Horst|Erw. und akt. Aufl., 9. Aufl., [neue Ausg.]|[]
Gesundheit, langes Leben und Ernährung|Rabast, Udo|1. Aufl.|[]
Diercke Regionalatlas|0|1. Aufl., Dr. A|[]
English learners, academic literacy, and thinking|Gibbons, Pauline|[Repr.]|[]
Super M|0|1. Aufl., 3. Dr.|[]
Onkel Montagues Schauergeschichten|Priestley, Chris|4. Aufl.|[]
Sprechübungen mit Gedichten|Refisch, Inge|1. Aufl.|[]
Diercke geography for bilingual classes|0|[Nachdr.]|[]
"Das ""Pandora-Projekt"""|Petermann, Karin|1. Aufl.|[]
Mobiles Atelier|Mosel, Kirsten|0|[]
Der Staat und die Soziale Arbeit|Mührel, Eric|0|[]
Das Elementare|Jungmair, Ulrike E.|2. Aufl.|[]
Allgemeine und fachspezifische Merkmale der Unterrichtsqualität im Fach Biologie|Wüsten, Stefanie|0|[]
Mach doch, was du willst|Pásztor, Susann|2. Auflage|[]
Der Brockhaus Literatur|Bode, Eva Beate|4., überarb. und aktualisierte Aufl.|[]
Linder - Bilingual workbook|0|Dr. A|[]
New highlight|0|1. Aufl.|[]
Meine große kleine Welt|Dubuc, Marianne|0|[]
Zum Verständnis des Löslichkeitskonzeptes im Chemieunterricht|Grüß-Niehaus, Thomas|0|[]
Blickbewegungsmessung an Versuchsaufbauten|Voßkühler, Adrian|0|[]
aid-Ernährungsführerschein|Brüggemann, Ingrid|4. veränd. Neuaufl.|[]
Bewegungsspuren als zentrales Element der Stimmbildung|Tervoort, Ulrike|0|[]
Studying popular music|Middleton, Richard|0|[]
Klavierpädagogik|Loebenstein, Frieda|Rev. Neuausg. der 2. und 3. Aufl. von 1960 und 1974|[]
Entwicklung von Teamkompetenz durch computergestütztes kollaboratives Lernen|Brahm, Taiga|0|[]
"Fragebogen zum Selbsttest ""Psychische Störungen erkennen"""|Schöpf, Josef|1. Aufl.|[]
Kompetenzorientiert unterrichten|Städeli, Christoph|1. Aufl.|[]
Der Wechstabenverbuchsler|Jeschke, Mathias|0|[]
Gruppenleiten ohne Angst|Klein, Irene|11., unveränd. Aufl.|[]
Gemeinsamer Orientierungsrahmen für die Bildung in Kindertagesbetreuung und Grundschule|0|2., vollständig überarb. und erw. Aufl.|[]
dtv-Atlas Politik|Vierecke, Andreas|Orig.-Ausg., 1.Aufl., [Sonderausg.] ZpB, Zentralen für politische Bildung|[]
Spielwiesenzauber|Godau, Michael|0|[]
Gärten für Kleinkinder|Österreicher, Herbert|1., Auflage|[]
Langenscheidt, Power-Wörterbuch Französisch|Epple, Barbara|Neubearb. 2010|[]
Handbook of formative assessment|Andrade, Heidi L.|0|[]
Fit für den Deutsch-Test für Zuwanderer|0|1. Aufl.|[]
The European Reformations|Lindberg, Carter|2. ed.|[]
Bienen halten in der Stadt|Kohfink, Marc-Wilhelm|0|[]
Sociology and music education|Wright, Ruth|0|[]
Wenn ich nicht mehr bei dir bin, bleibt dir unser Stern|Dubois, Claude K.|3. Aufl.|[]
Die Musik der Araber|Tūmā, Ḥabīb Ḥasan|Erw. Neuausg., 4. Aufl.|[]
Kinder lernen Nein sagen|Hannich, Katharina|1. Aufl.|[]
Positive Verstärker für den Schulalltag|Mauritius, Elke|2. Aufl.|[]
Projektarbeit|Endler, Susanna|1. Aufl.|[]
Individuell zum Lernerfolg|Michel, Tanja|1. Aufl.|[]
Fortbildungshandreichung zu den Bildungsstandards Englisch und Französisch|De Florio-Hansen, Inez|0|[]
DELV - das eigene Lernen verstehen|Büchel, Fredi P.|4., überarb. Aufl.|[]
Pädagogische Grundlagen der Angewandten Kindheitswissenschaften|Siegmund, Michael|2., vollständig überarb. Aufl.|[]
Weihnachten in der 1. und 2. Klasse|Sachs, Ingrid|4. Aufl.|[]
Sachunterricht an Stationen|Eselgrimm, Kristina|0|[]
Sachunterricht an Stationen|Eselgrimm, Kristina|2. Aufl.|[]
Pädagogische Valenzen des schulspezifischen Geschehens im Umfeld des Unterrichts|Böhm, Jan|0|[]
30 x Kunst für 45 Minuten|Blahak, Gerlinde|0|[]
30 x Kunst für 45 Minuten|Brandenburg, Birgit|0|[]
66 Spiele für das 1. Schuljahr|Lütge, Jessica|0|[]
Connecting inquiry and professional learning in education|Campbell, Anne|0|[]
33 kleine Spiele für den Deutschunterricht|Osterloh, Renate|1. Aufl.|[]
Die Sprachtreppe|0|1. Aufl.|[]
Spielraum.Stadtraum|0|0|[]
Norms in educational linguistics|Dose, Stefanie|0|[]
Systemisch-personenzentrierte Pädagogik|Trein, Jens|0|[]
Unter Flächen hinter Spiegeln und der Raum dazwischen|Wiese, Hans-Joachim|0|[]
Theater als Raum|Senftleben, Sabine|0|[]
Märchen für die 1. und 2. Klasse|Hansson, Birgit|1. Aufl.|[]
Rotkäppchen, was trägst du unter der Schürze?|Fabritius, Bernd|0|[]
Sprayer im White Cube|Willms, Claudia|0|[]
"Lernwerkstatt ""Hilfe! Es brennt!"""|Volz, Stefanie|1. Aufl.|[]
Kunst an Stationen|Ratz, Sabine|1. Aufl.|[]
"Was lehrt ""Unser Charly""?"|Gatz, Alla|0|[]
Lernstationen Musik: Instrumente|Weber, Nicole|1. Aufl.|[]
Kinder- und Familienzentren als neue Orte frühkindlicher Bildung|Mankau, Gabriele|1. Aufl.|[]
Interkulturelles Lernen in der Erwachsenenbildung|Röll, Christine|0|[]
Das fachdidaktische Wissen von Biologielehrkräften|Schmelzing, Stephan|0|[]
Schüler werden Pausenhelfer|Verlemann, Stefan|0|[]
Hypertext-Lesekompetenz von Viertklässlern|Kraska, Lena|0|[]
Europäische Dimensionen in der Bildungsarbeit|Seebauer, Renate|0|[]
Medien - Wissen - Bildung|Hug, Theo|1. Aufl.|[]
Identität|Kurth, Ulrike|0|[]
Language and culture|Nunan, David|0|[]
Der Junge, der Picasso biss|Penrose, Antony|Dt. Erstausg.|[]
Zuckerpass und Blutgrätsche|Eichler, Christian|1. Aufl.|[]
Europäisches Kolloquium Produktionsschule|Bojanowski, Arnulf|0|[]
Metaphorische Geschichten für die pädagogische Praxis|Quast, Ulrike|1. Aufl.|[]
Kindergarten & Schule: miteinander und voneinander lernen|Kobl, Karin|1. Aufl.|[]
Mediengestützte Berufsorientierung für Jugendliche mit Migrationshintergrund|Schaarschmidt, Nadine|1. Aufl.|[]
Die Bedeutung von Motivation für Wissenserwerbsprozesse beim computerunterstützten kooperativen Lernen|Schoor, Cornelia|0|[]
Schneiden & Malen üben für die Schule|Guiaro-Jullien, Magdalena|2. Aufl.|[]
Deutsch-Stars|0|1. Aufl.|[]
Segeln und Physik|Kemmer, Anne|1. Aufl.|[]
Emotion zwischen Affekt und Kognition|Vetter, Norbert R.|0|[]
Unterrichtsqualität im Leseunterricht|Kleinbub, Iris Diana|0|[]
Basiskompetenzen in der Geometrie|Ludwig, Matthias|0|[]
(Un)geliebte Rechtschreibung|Wilkening, Nina|0|[]
Strategische Personalentwicklung im schulischen Kontext|Milling, Marc|0|[]
77 Methoden für den aktiven Umgang mit Gedichten|Mithra, Salome P.|0|[]
Globales Lernen im Politikunterricht|Moegling, Klaus|0|[]
Auf den Spuren interpretativer Unterrichtsforschung in der Mathematikdidaktik|Brandt, Birgit|0|[]
Sinnentnehmendes Lesen üben|Wemmer, Katrin|2. Aufl.|[]
Sinnentnehmendes Lesen üben|Wemmer, Katrin|2. Aufl.|[]
Was jeder Mann über Sexualität und sexuelle Probleme wissen will|Fliegel, Steffen|0|[]
Elternabend in Kita und Krippe mal anders!|Lindner, Ulrike|1. Aufl.|[]
Praxishandbuch JoA|Zöller, Arnulf|1. Aufl.|[]
Basiswissen Soziale Kompetenz|Münnich, Sibylle|1. Aufl.|[]
Nichts wie raus auf die Streuobst-Wiese!|Klein, Angela|1., Aufl.|[]
Ästhetik und Bildung|Fuchs, Birgitta|0|[]
Teamarbeit in der lernenden Organisation Schule|Odernheimer, Vera|0|[]
Der große Bibelatlas|Braybrooke, Marcus|0|[]
Ein Tag wie kein anderer|Kohn, Martin|Dr. A 1|[]
Frühes Fördern in der Grundschule|Holz, Gerda|1. Aufl.|[]
Regenwürmer - Helfer im Garten|Klinger, Ralf|0|[]
Aufgabensammlung Sachrechnen|Sander, Manon|1. Aufl.|[]
Kreativer Deutschunterricht|Janssen, Sabine|0|[]
Deutungsmuster von Lehrern|Schmeitzner, Kerstin|0|[]
Sprache untersuchen: Schüler individuell fördern|Buchwald, Bianca|1. Aufl.|[]
Erziehen - aber wie?|Stephan, Andrea|3., korr. Aufl.|[]
Fachfremder Unterricht|Schufft, Carsten|0|[]
Lesen und Schreiben erfolgreich unterrichten|Wildemann, Anja|0|[]
Bilingualer Geschichtsunterricht im internationalen Fokus|Wannagat, Ulrich|0|[]
Kein Job in Sicht?|Dassler, Stefan|0|[]
Als Erzieherin gelassen und erfolgreich|Weiner, Christine|0|[]
Lernen in Jugendszenen|Ruile, Anna Magdalena|0|[]
Sprachen lernen - lernen durch Sprache|Bitter Bättig, Franziska|0|[]
Wochenplanarbeit in der Grundschule|Ferrarÿ, Alexandra|0|[]
Geschlecht und Didaktik|Mörth, Anita P.|2., überarb. und erw. Aufl.|[]
Korrespondenzen|Vaßen, Florian|2., veränd. und verb. Aufl.|[]
Pädagogik der Kommunikation|Lichtenstern, Sonja|0|[]
Praxisbuch Rechenwelt bis 100|Heuninck, Hilde|1. Aufl.|[]
"""dann kann man das ja auch mal so lösen!"""|Muth, Cornelia|0|[]
Was ist frühkindliche Bildung?|Weigel, Dietmar|1. Aufl.|[]
Prologo|0|Dr. A1|[]
Sally|0|1. Aufl.|[]
Sunshine|0|1. Aufl., [Nachdr.]|[]
This side of paradise|Fitzgerald, F. Scott|0|[]
Die neue Echter-Bibel|Kremer, Jacob|5. unveränd. Aufl.|[]
Parsifal|Wagner, Richard|0|[]
Götterdämmerung|Wagner, Richard|6. Aufl.|[]
Tristan und Isolde|Wagner, Richard|0|[]
Aida|Verdi, Giuseppe|0|[]
Die Walküre - der Ring des Nibelungen|Wagner, Richard|6. Aufl.|[]
Leading and managing a differentiated classroom|Tomlinson, Carol A.|0|[]
Der Feldhase|Zörner, Herbert|3. unveränd. Aufl., Nachdr. der 1. Aufl. von 1981|[]
Start in die Kartenwelt|0|Nachdr.|[]
Tosca|Puccini, Giacomo|0|[]
Madame Butterfly|Puccini, Giacomo|0|[]
The white tiger|Adiga, Aravind|0|[]
The orchard keeper|McCarthy, Cormac|0|[]
Gruesome guides: London|Deary, Terry|0|[]
Pour enseigner les langues avec le CECRL|Bourguignon, Claire|0|[]
The fractal approach to teaching English as a foreign language|Claypole, Maurice|0|[]
Controversies in ELT|Claypole, Maurice|0|[]
Stochastik in der Grundschule|Bettner, Marco|4. Aufl.|[]
Stochastik in der Grundschule|Kelnberger, Marianne|0|[]
Die Reformpädagogik von Alexander Neill, Célestin Freinet und Don Milani|Köster, Claudia|3., unveränd. Aufl.|[]
Mrs. Dalloway|Woolf, Virginia|14. Aufl.|[]
Kreative Projekte zum textilen Gestalten|Fischer, Hanna|2. Aufl.|[]
Super M|0|1. Aufl., 3. Dr.|[]
Six Mi'kmaq stories|Whitehead, Ruth Holmes|0|[]
Mathetiger|0|2. Aufl.|[]
Die kleine Raupe Nimmersatt|Carle, Eric|0|[]
The adventures of Unemployed Man|Origen, Erich|0|[]
Essex County|Lemire, Jeff|0|[]
Bumblebee|0|0|[]
Bumblebee|0|0|[]
Raise high the roof beam, carpenters|Salinger, Jerome D.|0|[]
Islam - etwas Fremdes?|Roling, Simone|3. Aufl.|[]
Ein Weihnachtsmärchen|Dickens, Charles|0|[]
Englisch|0|0|[]
Teaching geography 11-18|Lambert, David|1. publ.|[]
Das kleine Super M|Manten, Ursula|1. Aufl., 2. Dr.|[]
New and collected poems for children|Duffy, Carol Ann|0|[]
Ma Rainey's black bottom|Wilson, August|0|[]
True to both my selves|FitzHerbert, Katrin|[Nachdr.]|[]
Difficult daughters|Kapur, Manju|paperback ed.|[]
The hockey sweater|Carrier, Roch|[Nachdr.]|[]
Mystery stories|Helwig, David|0|[]
The foreshadowing|Sedgwick, Marcus|0|[]
ABC des Singens|Seidner, Wolfram|0|[]
Selected stories|Munro, Alice|0|[]
The arrivants|Brathwaite, Kamau|[Repr.]|[]
Die Kunst, gelassen zu bleiben|Lewitan, Louis|3. Aufl.|[]
Bloody poetry|Brenton, Howard|0|[]
Paper towns|Green, John|0|[]
Die grosse goldene Liederfibel|Grüger, Heribert|14. Aufl.|[]
Geil auf Gewalt|Buford, Bill|Taschenbuchausg., 2. Aufl.|[]
Fanny Mendelssohn-Hensel|Büchter-Römer, Ute|3. Aufl.|[]
... aber Steine reden nicht|Ross, Carlo|Ungek. Ausg.; 14. Aufl.|[]
Ritter Rost und Prinz Protz|0|12. Aufl.|[]
Anna und die Wut|Nöstlinger, Christiana|3. Aufl.|[]
Fabeln in Stundenbildern|0|7. Aufl.|[]
Portfolio in der Grundschule|Wessel, Sabine|2. Aufl.|[]
Longman elementary dictionary and thesaurus|Kinsella, Kate|1. ed.|[]
Longman elementary dictionary and thesaurus|Adrian-Vallance, Evadne|0|[]
Haïti, mon pays|Rogé|0|[]
Aufbau von Raumorientierungskompetenz in der 5. Klasse Realschule|Frank, Jochen|1. Aufl.|[]
The storm in the barn|Phelan, Matt|1. ed., [Nachdr.]|[]
It's a book|Smith, Lane|Nachdr|[]
Chains|Anderson, Laurie Halse|0|[]
Thinking mathematically|Mason, John|2. ed.|[]
Wie wünschen sich Mädchen und Jungen den Mathematikunterricht?|Bekermann, Katrin|0|[]
Bien dicho!|0|3. ed.|[]
Escucha y aprende|Rodríguez Rodríguez, María|Última ed.|[]
Can I play too?|Willems, Mo|1st ed|[]
PISA 2006 in der Schweiz|Angelone, Domenico|1. Aufl.|[]
Ludwig van Beethoven|Geck, Martin|Überarb. Neuausg., 6. Aufl.|[]
Vertraute Fremde|Taniguchi, Jirō|3. [Aufl.]|[]
Paul Austers Stadt aus Glas|Auster, Paul|2. Aufl.|[]
Textile (R)Evolution|Riedl, Rose-Marie|0|[]
Die Herbst-Werkstatt|0|0|[]
Die Herbst-Werkstatt|0|0|[]
Die Frühlings-Werkstatt|0|0|[]
Die Frühlings-Werkstatt|0|0|[]
Smile|Telgemeier, Raina|1st ed.|[]
The beano book 2011|0|0|[]
Le vocabulaire en classe de langue|Cavalla, Cristelle|[Nachdr.]|[]
Voices|0|1. Aufl.|[]
Voices|0|2. korr. Aufl.|[]
Voices|0|1. Aufl.|[]
Voices|0|2. korr. Aufl.|[]
Voices|0|2., korr. Aufl.|[]
Voices|0|1. Aufl.|[]
Voices|0|1. Aufl.|[]
Voices|0|1. Aufl.|[]
Voices|0|1. Aufl.|[]
Voices|0|1. Aufl.|[]
Voices|0|1. Aufl.|[]
Voices|0|1. Aufl.|[]
The girl who fell from the sky|Durrow, Heidi W.|1. ed.|[]
Stigma|Goffman, Erving|1. Aufl., [20. Nachdr.]|[]
A roadmap of grammar|0|2. Aufl.|[]
The model as muse|Koda, Harold|3. print.|[]
Biblische Redensarten leicht erklärt|Brandenburg, Birgit|5. Aufl.|[]
Understanding patchwriting and unintentional plagiarism by english language learners|Linneman, Talia|0|[]
The complete guide to referencing and avoiding plagiarism|Neville, Colin|2. ed.|[]
Rätselspaß - Englisch ganz leicht|Müller, Reinhard|[Nachdr.]|[]
Method guide|Grieser-Kindel, Christin|0|[]
Lagen & Winkel|Simeonov, Emil|0|[]
Souvenir of Canada|Coupland, Douglas|[Nachdr.]|[]
The children's Bible in 365 stories|Batchelor, Mary|2. ed., [repr.]|[]
Sociolinguistics|Spolsky, Bernard|[Nachdr.]|[]
"""Keiner blickt dir hinter das Gesicht"""|Hanuschek, Sven|2. Aufl.|[]
Bionik|Zeuch, Martin|[Nachdr.]|[]
Weitere Methoden des lebendigen Lernens|Arnold, Rolf|3. Aufl.|[]
Methoden des lebendigen Lernens|Arnold, Rolf|5. Aufl.|[]
Kompaktkurs Zeichnen|Brügel, Eberhard|0|[]
Du hast angefangen! Nein, du!|McKee, David|23. Aufl.|[]
Speglingar i den långa sjön|Söderhäll, Bengt|0|[]
Die Geheimnisse erfolgreicher Websites|Sauldie, Sanjay|0|[]
"""Faszination Brot"""|Siegwart, Dominik|0|[]
Arbeitsbuch Feinschnittsäge|Nelson, John A.|2. Aufl.|[]
Schulbeweger. Der Kurs|Garschagen, Julia|0|[]
History in practice|Jordanova, Ludmilla J.|2. ed., repr.|[]
Revisiting discovery and justification|Schickore, Jutta|0|[]
Lernfortschrittsdiagnostik Lesen|Walter, Jürgen|0|[]
Blockhäuser und Hütten selbst gebaut|Håkansson, Sven-Gunnar|Dt. Ausg., 5. Aufl.|[]
Essential maths|0|1. publ.|[]
Der Regenbogenfisch entdeckt die Tiefsee|Pfister, Marcus|2. Aufl.|[]
Bagger, Kräne & Co|Skarman, Erik|0|[]
MATHEMATICA-Paletten als Lern- und Experimentiertools im mathematisch-naturwissenschaftlichen Unterricht|Dominik, Alfred Othmar|0|[]
Mathetiger|0|[Neubearb.], [Jahrszeiten-Hefte], 2. Aufl.|[]
Mathetiger|0|[Neubearb.], [Jahrszeiten-Hefte], 2. Aufl.|[]
Mathetiger|0|[Neubearb.], [Jahrszeiten-Hefte], 2. Aufl.|[]
Konzeptionserstellung für einen Verein für Menschen mit geistiger Behinderung|Schöpperle, Felix|0|[]
Emotionen, Lernen und Gedächtnis im Lebensalltag|Löffler, Simone N.|0|[]
Eine universelle Kompositionslehre|Becker, Michael|1. Aufl.|[]
Integriertes Bildungs(system)design|Shkonda, Anna|1. Aufl.|[]
Maths on target|0|1. publ., repr.|[]
Wie der Tiger zählen lernt|Janosch|Neu Arrangiert, 1. Aufl.|[]
Peter Gysi|Gysi, Peter|0|[]
Let's go|0|1. Aufl., [Nachdr.]|[]
WeihnachtsHits|Horn, Reinhard|5. Aufl.|[]
Märchen, Sagen, Epen und Fabeln|Heinrich, Hans|3. Auflage|[]
Die dampfenden Hälse der Pferde im Turm von Babel|Fühmann, Franz|4. Aufl. der Neuausg., insgesamt 10. Aufl.|[]
Erziehungswissenschaftliche Gedankenspiele|Hartge, Reimar|0|[]
Teacher competencies and educational goals|Peklaj, Cirila|0|[]
The curious incident of the dog in the night-time|Haddon, Mark|0|[]
Takt in modern education|Suzuki, Shōko|0|[]
Multiliteracy centers|Sheridan, David M.|0|[]
Handbook of interpersonal communication|Antos, Gerd|0|[]
Learning to die in Miami|Eire, Carlos M. N.|0|[]
Creating writers|Carter, James|revised and updated ed.|[]
The black album|Kureishi, Hanif|0|[]
Einstern|0|[Neubearb.], 1. Aufl., 1. Dr.|[]
Einstern|0|[Neubearb.], 1. Aufl., 1. Dr.|[]
Mathe-Stars|0|1|[]
Mathe-Stars|0|1. Aufl., [Nachdr.]|[]
Mathe-Stars|0|1. Aufl.|[]
Australia|Berthelmann, Rainer|0|[]
Gott und die Welt|Sies, Gabriele|0|[]
Diary of a wimpy kid|Kinney, Jeff|reissued|[]
Praxis und Methoden für die sozialpädagogische Erstausbildung|Finkenzeller, Anita|1. Aufl.|[]
Kinderängste bewältigen|Armbrust, Joachim|1. Aufl.|[]
Englisch-Stars|0|1. Aufl.|[]
Englisch-Stars|0|1. Aufl., [Nachdr.]|[]
Schlüssel zum erfolgreichen Lernen|Heinrich, Horst J.|2. Aufl.|[]
Zum Arbeitsunterricht im Herbartianismus|Henkel, Katrin|0|[]
Instrumente|Gronenberg, Cathrin|0|[]
SchülerInnen lösen ihre Konflikte|Edling, Lars|2. Aufl.|[]
Geschichte der Photographie von 1839 bis heute|Mulligan, Therese|Originalausg.|[]
Qu'apprend-on à l'école élémentaire ?|0|0|[]
Spiegelwelten|Xue, Lin|0|[]
Die Sprach-Abenteuer der kleinen Hexe|Schönrade, Silke|0|[]
Ghosts of no child left behind|Carris, Joanne M.|0|[]
Young-Jae Lee, Formen aus der Erde, Forms from the earth|Firmenich, Andrea|0|[]
Theatralität online!|Bonczek, Frank|0|[]
Feuer, Wasser, Erde, Luft|Böhme, Gernot|2. Aufl. (in der BsR), unveränd. Nachdr.|[]
Wie schreibe ich eine Kurzgeschichte?|Kühn, Annika|0|[]
Athener Diskurs und Assoziationen zur Individualpädagogik|Buchkremer, Hansjosef|0|[]
The timespace of human activity|Schatzki, Theodore R.|0|[]
Bildungsstandards für die Grundschule: Mathematik konkret|Walther, Gerd|4. Aufl.|[]
Lernspiele im Mathematikunterricht|Bobrowski, Susanne|5. Aufl.|[]
Qualitätsentwicklung in der Kindertagespflege|Hinke-Ruhnau, Jutta|1. Aufl.|[]
Mathe-Stars|0|0|[]
Toolkits, translation devices and conceptual accounts|Singh, Parlo|0|[]
Mathe für kleine Asse|0|1. Aufl., 5. Dr.|[]
Mathe für kleine Asse|Käpnick, Friedhelm|1. Aufl., 6. Dr.|[]
Super M|0|1. Aufl., 2. Dr.|[]
Super M|0|1. Aufl., 2. Dr.|[]
Super M|0|1. Aufl., 2. Dr.|[]
Draußen vor der Tür|Borchert, Wolfgang|92. Aufl.|[]
Einstern|0|[Neubearb.], 1. Aufl., 1. Druck|[]
Einstern|0|[Neubearb.], 1. Aufl., 1. Druck|[]
Einstern|0|[Neubearb.], 1. Aufl., 1. Druck|[]
Einstern|0|[Neubearb.], 1. Aufl., 1. Druck|[]
Dracula|Stoker, Bram|Vollst. Ausg., 1. Aufl.|[]
Von Erlaucht bis Spektabilis|Krabs, Otto|Orig.-Ausg., unveränd. Nachdr., 3. Aufl.|[]
Anxiety in Schools|Cassady, Jerrell C.|0|[]
Wie weiter mit der biologisch-dynamischen Forschung?|Fuchs, Nikolai|0|[]
Was ist biologisch-dynamische Landwirtschaft?|Fuchs, Nikolai|0|[]
Stärken entdecken - erfassen - entwickeln|Eisenbart, Urs|1. Aufl.|[]
Eee-pcschool|Bailicz, Ilse|0|[]
Optik|Wiesner, Hartmut|0|[]
New highlight|0|1. Aufl., 1 Dr.|[]
English fiction for advanced students|Newbrook, Nigel|0|[]
Live from London!|0|0|[]
Lernen an Stationen in der Sekundarstufe I|Rouse, Margitta|Neue Ausg., 1. Aufl.|[]
Lernen an Stationen in der Sekundarstufe I|Rouse, Margitta|Neue Ausg.|[]
Jeans of the Old West|Harris, Michael Allen|0|[]
Das grosse GU Kochbuch Kochen für Kinder|Cramm, Dagmar von|8. Aufl.|[]
Wie viel Bindung ist nötig?|Höfer, Sandra|0|[]
Training Englisch|Bremicker, Monika|2. überarb. und aktual. Aufl.|[]
Otto Dix|Dix, Otto|0|[]
Training Englisch|Bremicker, Monika|0|[]
Originalprüfungen Englisch|Sieber, Christina|2. überarb. und aktual. Aufl.|[]
Policy and research in education|Malott, Curry|0|[]
Phonologische Bewusstheit|Bühler, Daniela|0|[]
Aufmerksamkeits- und Hyperaktivitätsprobleme|Arndt, Lea|0|[]
Planung in der elementarpädagogischen Arbeit|Barleben, Maren|0|[]
Ein sozialpädagogischer Blick auf die  Kooperation von Schule und Jugendhilfe|Buntenbach, Julia|0|[]
Selbstkonzept von jungen Erwachsenen mit problematischen Konsumverhalten von THC und Partydrogen|Friebe, Isabell|0|[]
The jungle|Sinclair, Upton|0|[]
Educational PowerPoint presentations|Pătruţ, Monica|0|[]
Anerkennungsprobleme in Prozessen der erziehungswissenschaftlichen Theoriebildung|Halder, Valentin|0|[]
Vom Team zum Netz? Oder: zwischen Heimatlosigkeit und Zugehörigkeit.|Retterath-Knorr, Lisa|0|[]
Selbstevaluation als Hilfe zur Selbsthilfe|Schillmöller, Carmen|0|[]
Pferdegestützte Persönlichkeitsbildung|Stempel, Anna Elena|0|[]
Grundkurs Philosophie|Detel, Wolfgang|Durchges. Ausg. 2008, [Nachdr.]|[]
Der hörende Mensch und die Wirklichkeit der Musik|Husemann, Armin Johannes|1., Auflage|[]
Handbuch des therapeutischen Erzählens|Hammel, Stefan|2., durchges. Aufl.|[]
Erzähl mal was!|Claussen, Claus|4. Aufl.|[]
Aufmerksamkeitsfunktionen und ihre Entwicklung bei Vorschul- und Grundschulkindern|Sobeh, Jamal|1. Aufl.|[]
Praxisbuch Kunst im Kindergarten|Wagner, Kira|1. Aufl.|[]
Spielend Lernen|Diener, Holger|0|[]
Brigitte-Diät - Abnehmen mit Lieblingsgerichten|Ort-Gottwald, Anna|0|[]
Krippenkinder in Aktion|Schwarz, Horst|0|[]
Aachener Programm zur frühen Sprachförderung|Grosse, Susanne|1. Aufl.|[]
Rudolf Steiner|Lindenberg, Christoph|1. Aufl. der durchges. Neuausg.|[]
The science of climate change|Paul, Goutam|0|[]
La  Bible|0|11e éd|[]
Portobello Road|0|0|[]
Camden Town|0|0|[]
Quilten|Doughty, Kathy|0|[]
Montessori-Pädagogik im Licht der Neurobiologie|Thonen-Alj, Sabrina|0|[]
Haushalt|Hügel, Brigitta|0|[]
Familien-Zusammenhalt(en)|Berg, Insoo Kim|9. Aufl.|[]
Tierproduktion und Klimawandel|Schlatzer, Martin|0|[]
Vogelhäuschen|Gabler, Eberhard|3. Aufl., Neuausg.|[]
Camden Town|0|0|[]
Das Arbeitskonzept von Elsa Gindler (1885 - 1961) dargestellt im Rahmen der Gymnastik der Reformpädagogik|Arps-Aubert, Edith|0|[]
Meine wundervolle Welt der Mode|Chakrabarti, Nina|0|[]
Systemic person-oriented study of child development in early primary school|Toomela, Aaro|0|[]
Vierundzwanzig Türen|Modick, Klaus|1. Aufl.|[]
Pierre Cardin|Hesse, Jean-Pascal|0|[]
Begegnungsdidaktik|Daumüller, Markus|0|[]
Style diaries|Werle, Simone|0|[]
Sprachfördergeschichten für den Kindergarten|Hoffschildt, Christiane|Sonderausg.|[]
Spuren und Fährten unserer Tiere|Lang, Angelika|9., durchges. Aufl.|[]
Vanillin - Historie und Schulrelevanz|Kuhse, Björn Bernhard|1. Aufl.|[]
Fragen, die wir unseren Eltern stellen sollten (solange sie noch da sind)|Fischer, Marc|1. Aufl.|[]
Lieblingssachen für Kinder|Holdack, Laura|2. Aufl.|[]
Contemporary Canadian short stories|Atwood, Margaret|bibliogr. erg. Ausg. 2002, [Nachdr.]|[]
Oskar Werner|Dachs, Robert|1. Aufl.|[]
Schulpolitische Überlegungen für das 21. Jahrhundert|Max, Klemens|0|[]
Mahlzeit, Kinder!|Schürmann-Mock, Iris|4. Auflage in kompletter Überarbeitung|[]
Die Fische von Berlin|Hummel, Eleonora|[Nachdr.]|[]
Perspektivenvielfalt beim Lernen lernen im europäischen Kontext für Multikultur, Mehrsprachigkeit & Migrationsproblematik|Becker, Werner|0|[]
Be strong, my Abela|Doherty, Berlie|1. Aufl.|[]
Was ist Anthroposophie?|Heisterkamp, Jens|3. Aufl.|[]
Google Picasa|Walter, Björn|1. Aufl.|[]
Narzißmus|Mugerauer, Roland|2.,, unveränd. Aufl.|[]
"""Deutsche Mutter, bist du bereit ..."""|Schmitz-Köster, Dorothee|1. Aufl.|[]
Looking at movies|Barsam, Richard M.|3. ed.|[]
Implementing the lexical approach|Lewis, Michael|[Nachdr.]|[]
La petite marchande de prose|Pennac, Daniel|0|[]
La France occupée et la Résistance|Bories-Sawala, Helga|2. Dr.|[]
The Hollywood curriculum|Dalton, Mary M.|2nd rev. ed.|[]
fraMediale|Knaus, Thomas|0|[]
Ritual im Wandel|Lichtinger, Ulrike|0|[]
Lustige Lyrik|Fröhlich, Harry|0|[]
Poetry and childhood|Styles, Morag|0|[]
Deutsche Balladen|Laufhütte, Hartmut|Durchges. Ausg. 2000, [Nachdr.]|[]
Theoretisch - didaktische Überlegungen zur Fundierung des fächerübergreifenden Unterrichts als ein vernetztes Unterrichtskonzept|Zapletal, Ursula|1. Aufl.|[]
Die verborgenen Wirkungen der Sprache im Kindergarten|Martens, Martin Georg|1. Aufl.|[]
Der engagierte Lehrer und seine Feinde|Glattauer, Nikolaus|0|[]
Rückmeldungen nach Vergleichsarbeiten im Kontext des schulischen Qualitätsmanagements|Mueller, Andreas|0|[]
Von Markt & Metzger|Cramm, Dagmar von|0|[]
Dicksein|Raasch, Josefine|0|[]
Lebensqualität für Kinder und andere Menschen|Wild, Rebeca|4. Aufl.|[]
Finanzielle Allgemeinbildung Jugendlicher|Lackmann, Jürgen|1. Aufl.|[]
Die Entwicklung der Schulklasse als Gruppe hin zur Klassengemeinschaft|Pilz, Mario|2. Aufl.|[]
Vom kleinen Maulwurf, der wissen wollte, wer ihm auf den Kopf gemacht hat|Holzwarth, Werner|40. Aufl.|[]
Solange ich atme, hoffe ich|Bauer-Seitz, Vera|4. Aufl.|[]
Vogelfedern|Bezzel, Einhard|Neuausg., 3., durchges. Aufl.|[]
Researching IT in education|McDougall, Anne|0|[]
Using analytical frameworks for classroom research|Rodrigues, Susan|0|[]
Vertretungsstunden Englisch|Boller, Jasmin|Dr. A 1|[]
Literaturwerkstatt: Kirsten Boie|Hanneforth, Alexandra|0|[]
Bildung? Brauchen wir nicht, wir haben Abitur!|Reif, Franz-Gerhard|0|[]
Karl|Sahner, Paul|4. Aufl.|[]
GHS - Hilfe beim Einstufen und Kennzeichnen|Roth, Lutz|0|[]
Ganz zwanglos?|Oelkers, Carmen|1. Aufl.|[]
Identität und Lebenszyklus|Erikson, Erik H.|1. Aufl., [Nachdr.]|[]
Einführung in die griechische und römische Religion|Muth, Robert|2., durchges. und  erw. Aufl., Sonderausg.|[]
Handyhaiku|Bendel, Oliver|0|[]
Mit Kindern im Bienengarten|Kutsch, Irmgard|1. Aufl.|[]
Heilige Vergänglichkeit|Marti, Kurt|0|[]
Die Wurzel des Lebens|Gandillot, Clémence|0|[]
Engaging environmental education|Stevenson, Robert B. K.|0|[]
What the ladybird heard|Donaldson, Julia|0|[]
Toms Abenteuer|Warsow, Andreas|1. Aufl.|[]
Wir Kinder vom Bahnhof Zoo|F., Christiane|0|[]
Ce que parler veut dire|Bourdieu, Pierre|0|[]
Unterricht im Kämpfen|Staeglich, Timm|0|[]
Stichwort Schule: trotz Schule lernen!|Birkenbihl, Vera F.|19. Aufl., 11. Aufl. dieser Ausg.|[]
Organisationskulturen in Kinder- und Jugendhilfe|Thomas, Severine|0|[]
Christian Ludwig Attersee|Gregori, Daniela|0|[]
ADHS|Maier, Elena|0|[]
"""Ich, meine Freunde, mein Leben"""|Bindels Rachel, Sanem|0|[]
Akkulturationsprozesse gestalten|Filimonova, Natalia|0|[]
Bedeutung von Social Networks für die Identitätsbildung im Jugendalter|Köhler, Benjamin|0|[]
ADHS|Reerink, Charlotte|0|[]
Qualifizierung für neuere Aufgaben in der Elementarpädagogik|Petit Raoul, Kayl|0|[]
Biowissenschaften und Pädagogik|Mennicke, Annette|0|[]
Gewalt an der Schule|Kummer, Elke|0|[]
Der Misserfolg von Kindern beim Schuleintritt|Kruijer, Nina|0|[]
Cybermobbing|Impera, Denise|0|[]
Bildungsverläufe von Jurastudenten aus habitustheoretischer Sicht|Bischoff, Stefanie|0|[]
Nutzerorientierung in der offenen Kinder- und Jugendarbeit|Anderer, Iris|0|[]
Grüne Wände selbst gestalten|Groult, Jean-Michel|0|[]
Leitlinien der Waldorfpädagogik für die Kindheit von der Geburt bis zum dritten Lebensjahr|Patzlaff, Rainer|1. Auflage|[]
Die Evolution geht weiter|Sandvoss, Ernst R.|0|[]
Pedagogical Content Knowledge (PCK) von Lehrkräften im deutschen Chemieunterricht|Bindernagel, Janina A.|1. Aufl.|[]
Das Vorstellungsgespräch|Kratz, Hans-Jürgen|6., aktualiesierte Aufl.|[]
Poetry tREnD|Zank, Aprilia|0|[]
"Die ""Dramaturgie"" im Klassenzimmer"|Mori, Midori|0|[]
Gehirnjogging Englisch|Crossley, Nicola|1. Aufl.|[]
Neue ästhetische Wege an Jugendtheatern in Deutschland|Panýr, Raphaela|0|[]
Besonders begabte Kinder individuell fördern|0|1. Aufl.|[]
Hier in den Bergen|Mitgutsch, Ali|[Nachdr.]|[]
"Tausend Mal ""warum""? Verbesserung der Bildungsqualität in vorschulischen Einrichtungen"|Beckmann, Klaus J.|0|[]
Rollenspiele als Kulturgut?|Zulehner, Reinhard|0|[]
Qualitative research methods in education|0|1. publ.|[]
Lernen und weiterleben|Ruedin, Monique|0|[]
ADHS durch Umweltgifte?|Sauerbrey, Ulf|0|[]
Das große Tafelwerk|Erbrecht, Rüdiger|1. Aufl., 13. Dr.|[]
Putting writing research into practice|Troia, Gary A.|0|[]
Mit Klara und den Mäusen die Welt entdecken|Biermann, Ingrid|0|[]
Life|Holmes, Martha|0|[]
Mathematische Kompetenzen entwickeln und erfassen|Herget, Wilfried|0|[]
Heilpädagogisches Reiten als Entwicklungsförderung für Kinder mit psychomotorischen Auffälligkeiten|Horstmann, Melanie|0|[]
Schwimmen für Kinder|Ahrendt, Lilli|1. Aufl.|[]
TIMSS 2007|Suchan, Birgit|1. Aufl.|[]
Selbstständigkeit durch Selbsttätigkeit|Herker, Susanne|0|[]
Kaufen macht glücklich!?|Kirchschlager-Fassler, Petra|0|[]
Systemisches E-Learning|Glanninger, Peter|0|[]
King Richard III|Shakespeare, William|Bibliograph. erg. Ausg. 2010|[]
Kopf hoch, Fledermaus!|Willis, Jeanne|3. Aufl.|[]
Trockene Hosen fangen keine Fische|Krohn, Axel|Orig.-Ausg.|[]
Der große National Geographic Photoguide|Burian, Peter K.|Dt. Ausg., 7. Aufl.|[]
Diagnose MS|Zaruba, Barbara|4. Aufl.|[]
New pathways in the professional development of teachers|Janík, Tomáš|1., Aufl.|[]
Das neue Fahrrad-Reparaturbuch|Smolik, Christian|9., überarb. Aufl.|[]
Electronic portfolios and student success|Chen, Helen L.|0|[]
Ethnography|Hammersley, Martyn|3. ed., reprinted|[]
Mit Pinsel, Farbe, Schere und Papier|Mühlenberg, Gisela|1. [Aufl.]|[]
Internet ABC|Appelhoff, Mechthild|0|[]
Laute spüren - Reime rühren|Monschein, Maria|1. Aufl.|[]
Bilderbuch-Illustration|Haas, Bärbel|1. Aufl.|[]
Die Kunst des Zeichnens - Menschen|Zemme, Verena|1. Aufl.|[]
Tyrannenkinder|Flessenkemper, Gabriele|Überarb. Neuausg.|[]
Born in the Bronx|Kugelberg, Johan|1. Aufl.|[]
ADHS ... Danke für die Gabe|Halbig, Petra|1. Auflage|[]
Das Matriarchat|Göttner-Abendroth, Heide|4. Auflage|[]
Tranquilla Trampeltreu|Ende, Michael|[Nachdr.]|[]
Erlebnis Musik|Schaub, Stefan|Vom Autor überarb. gemeinschaftliche Ausg., 7. Aufl.|[]
Konzeptoptimierung eines alkoholpräventiven peer-Projektes anhand einer Evaluationsstudie|Kostrzewa, Regina|0|[]
Lebenslanges Lernen - freudvoll und integral|Michaelis, Daniela|0|[]
Education for sustainable development und didaktische Gestaltungsansätze in der Berufsbildung|Bünning, Frank|0|[]
Gib dem Hass keine Chance - Neo-Nazis enttarnen!|Burckhardt, Klaus J.|0|[]
Rätsel für den Geschichtsunterricht|Höhn, Elisabeth|1. Aufl.|[]
Tom Sawyers Abenteuer|Twain, Mark|1. Aufl.|[]
Huckleberry Finns Abenteuer|Twain, Mark|1. Aufl.|[]
Bildungskultur und Soziale Arbeit|Bliemetsrieder, Sandro|0|[]
Sexualität|Fiedler, Peter|0|[]
Human geography|Pretes, Michael|5. ed.|[]
Human geography|Knox, Paul L.|International ed., 5th ed.|[]
Jugendliche am Absaufen - Jugendhilfe am Abtauchen?... und es gibt sie doch: Alkoholprävention!|Kammerer, Bernd|0|[]
Mit Kindern über Liebe und Sexualität sprechen|Berman, Laura|0|[]
Diagnostic measurement|Rupp, André A.|0|[]
Erzählen und Entdecken|Fastenmeier, Catharina|0|[]
Die Freibeuterstrategie|Bach, James Marcus|0|[]
Bildungsreformen nach PISA|Raidt, Tabea|0|[]
Learning to teach geography in the secondary school|Lambert, David|2. ed.|[]
Kinderwerkstatt Zauberkräuter|Frommherz, Andrea|Vollst. überarb. Neuausg., 7. Aufl.|[]
Hugo Gaudig|Prüfer, Sebastian|1. Aufl.|[]
Eurythmie als menschenbildende Kraft|Bardt, Sylvia|Neuaus. (2., überarb. Aufl.)|[]
Authentizität des Erlebnisses|Deppner, Martin Roman|0|[]
A new approach to ecological education|Judson, Gillian|0|[]
Grundkurs PowerPoint|Strauf, Heinz|1. Aufl.|[]
Contemporary theories of learning|Illeris, Knud|Reprint.|[]
Media education goes to school|Butler, Allison|0|[]
10 Jahre alt|Bolz, Martin|0|[]
Fernunterrichtsschutzgesetz|Hirschmann, Claudine|0|[]
Bloggen und Twittern ganz einfach|Prinz, ...|Orig.-Ausg.|[]
Übergewicht und Adipositas Jugendlicher im Kontext von mangelndem kulturellen und sozialen Kapital|Schumacher, Elisabeth|0|[]
John Dalton 1766 - 1844|Jönssen, János|0|[]
Humphry Davy 1778 - 1829|Schönhoff, Fabian|0|[]
Die nationalpolitischen Erziehungsanstalten (NAPOLAs) als Beleg für widersprüchliche NS-Erziehungskonzeptionen im Dritten Reich|Sardina, Alexander-Martin|Gekürzte Buchausg.|[]
Antoine Lavoisier 1743 - 1794|Bünte, Christopher|0|[]
"Heute von ""Sünde"" sprechen, nicht sprechen?"|Heyen, Heye|0|[]
The future of multi-ethnic Britain|Parekh, Bhikhu C.|[Reprint]|[]
Verstärkungslernen|Hewig, Johannes|0|[]
Wie Sie die Zusammenarbeit mit Eltern professionell gestalten|Fialka, Viva|0|[]
Mama, Papa oder Krippe?|Herman, Eva|0|[]
Aus Erziehung wird Beziehung|Juul, Jesper|Orig.-Ausg., 8. Aufl.|[]
Gedichte|Schiller, Friedrich|[Bibliogr. erg. Ausg. 2010]|[]
Kindeswohl und Kindeswille in der Jugendhilfe|Kotthaus, Jochem|0|[]
Alice im Hungerland|Hornbacher, Marya|Neuausg., 1. Aufl.|[]
Kinder fantasievoll schminken|Reiche, René|0|[]
Bei uns im Dorf|Mitgutsch, Ali|[Nachdr.]|[]
Uni brennt|Heißenberger, Stefan|0|[]
Räume im Dazwischen: Lernen mit Kunst und Kultur|Bischoff, Johann|0|[]
Brainwalking|Jasper, Bettina M.|1. Aufl.|[]
Sehr gut kochen|Kaftan, Vera|0|[]
Frederick|0|0|[]
Willkommen zurück, Opa!|Obrecht, Bettina|0|[]
Gut leben mit wenig Geld|Nöllke, Claudia|1. Auflage|[]
Podium und Pampers|Bender, Christiane|1. Aufl.|[]
Mit Pflanzen färben - ganz natürlich|Jentschura, Eva|1. Aufl.|[]
Eltern an die Macht!|Unverzagt, Gerlinde|0|[]
Dreimal hab ich sie im Leibe|Beltle, Erika|0|[]
Krieg und Frieden|Tolstoj, Lev Nikolaevič|0|[]
Die ganze Welt in einem Satz|Boëtius, Henning|0|[]
Facing the center|Denny, Harry C.|0|[]
Der Bewegungsbegriff in der neueren Geometrie und seine Adaption im elementaren Geometrieunterricht|Henke, Jan|1. Aufl.|[]
Schülerlabor & Co.|Huck, Jana|0|[]
Trois femmes puissantes|NDiaye, Marie|[Réimpr.]|[]
So geht's noch besser|0|1. Aufl.|[]
Das Bildnis des Dorian Gray|Wilde, Oscar|0|[]
Spielsachen aus Holz|Schmitt, Gudrun|1. Aufl.|[]
Fachkonferenzen für Fortgeschrittene|Buhren, Claus G.|0|[]
Lernfeld Kunst|Cieslik-Eichert, Andreas|1. Aufl.|[]
Grundwissen Entwicklung und Gesundheit|Drude, Sonja|1., Auflage|[]
Basiswissen Natur- und Umweltpädagogik für die sozialpädagogische Erstausbildung|Österreicher, Herbert|1. Aufl.|[]
Basiswissen Erzieherische Verhaltensweisen|Dieterich, Jörg|1. Aufl.|[]
Ruhe-Inseln für ErzieherInnen|Salbert, Ursula|1. Aufl.|[]
Konservieren|Gans, Heinz K.|Sonderausg.|[]
Schwarzweiß-Fotografie|Freeman, Michael|0|[]
Auf dem Lande|Mitgutsch, Ali|[Nachdr.]|[]
So geht's noch besser|0|1. Aufl.|[]
Frühling|Schlüngel, Marco|1. Aufl.|[]
Diderot, le génie débraillé|Chauveau, Sophie|0|[]
Das Vorstellungsgespräch|Kleine, Julia|0|[]
Sommerzeit mit Klara und den Mäusen|Biermann, Ingrid|1. Aufl. der Neuausg., (3. Gesamtaufl.)|[]
Das Kindergartenspielebuch|Wessel, Mechthild|0|[]
Mut-mach-Spiele für Kita, Hort und Schule|Wilmes-Mielenhausen, Brigitte|1. Aufl.|[]
Der Räuber Hotzenplotz|Preußler, Otfried|[Nachdr.]|[]
Jungs fragen - Mädchen antworten|Scharnigg, Max|1. Aufl.|[]
Mädchen fragen - Jungs anworten|Scharnigg, Max|1. Aufl.|[]
Venedig|Weiss, Walter M.|5. (14.), aktual. Aufl.|[]
"""Hanging in with kids"" in tough times"|Smyth, John|0|[]
Finding freedom in the classroom|Hinchey, Patricia H.|Revised ed.|[]
(De)constructing ADHD|Graham, Linda J.|0|[]
Education in hope|Monchinski, Tony|0|[]
Children under construction|Chappell, Drew|0|[]
Individuell fördern: das Praxisbuch|Kress, Karin|1. Aufl.|[]
Power, voice and subjectivity in literature for young readers|Nikolajeva, Maria|0|[]
Food|0|1. Aufl.|[]
Der Erziehungstest - 111 Fragen und Antworten|Rogge, Jan-Uwe|1. Aufl.|[]
Africa|0|0|[]
Duden, Lesebuch|0|2. Aufl.|[]
1001 Bücher - die Sie lesen sollten, bevor das Leben vorbei ist|Ackroyd, Peter|3., aktualisierte Aufl.|[]
Bewertung und Wirkung von evidenzbasierten Gesundheitsinformationen – die Perspektive der Nutzer|Hirschberg, Irene|0|[]
Sozialpädagogik und Integration|Birgmeier, Bernd|0|[]
Überleben in Natur und Umwelt|Volz, Heinz|14., aktualisierte Aufl.|[]
Lernsituationen Musik für sozialpädagogische Berufe|Quaas, Beate|1. Aufl.|[]
Das Auer-Lesebuch|0|2., bearb. Aufl.|[]
Zahlentheorie und Arithmetik|Padberg, Friedhelm|1. Aufl., 2. Nachdr.|[]
Jo-Jo - Sprachbuch|Brunold, Frido|1. Aufl., [Nachdr.]|[]
Doing task-based teaching|Willis, Dave|1. publ., [repr.]|[]
Universalgeschichte der Zahlen|Ifrah, Georges|0|[]
Tiere live|Sturm, Peter|2. Aufl.|[]
Seydlitz-Weltatlas Projekt Erde|0|[Ausgabe] Baden-Württemberg|[]
Apprendre en classe d'immersion|Carol, Rita|0|[]
Prologo|0|Dr. A, [Nachdr.]|[]
Prologo|0|Dr. A, [Nachdr.]|[]
Prologo|0|Dr. A, [Nachdr.]|[]
Wem die Drossel sang|Kretschmer, Christine|Dr. A 1|[]
Red Line|0|1. Aufl.|[]
... und es war doch der Gärtner!|Schüppel, Katrin|0|[]
Kreatives Gestalten in der Betreuung|Seifert, Sonja|1. Aufl.|[]
Der Jugend zuliebe|Eisenberg, Peter|0|[]
Kinderwerkstatt Naturfarben und Lehm|Knieriemen, Heinz|Vollst. überarb. Neuausg., 3. Aufl.|[]
Bildung und Gesundheit|Kuntz, Benjamin|0|[]
Kleine Forscher|Gervé, Friedrich|0|[]
Kleine Forscher|Gervé, Friedrich|1. Aufl.|[]
Kleine Forscher|Gebauer, Michael|0|[]
Kleine Forscher|Gervé, Friedrich|0|[]
Mathe live|0|[Neubearb.], 1. Aufl.|[]
Oskar|0|1. Aufl.|[]
"Literaturprojekt zu ""Die Geschichte vom Löwen, der nicht schreiben konnte"""|Lohr, Nicole|1., Aufl.|[]
Der Geschmack der Heimat|Kallinikidou, Desbina|0|[]
Textilwerkstatt - von der Faser zum Färben und Nähen ; 5. - 9. Klasse|Fischer, Hanna|2. Aufl.|[]
Mittelalterliches Schneidern|Thursfield, Sarah|0|[]
Tous ensemble|Reuthe, Anja|1. Aufl., [Nachdr.]|[]
English G 21, B|0|1. Aufl., [Nachdr.]|[]
English G 21, B|0|0|[]
Oma - Emma - Mama|Pauli, Lorenz|2. Aufl.|[]
Camden Town|0|0|[]
Camden Town|0|0|[]
Dictionnaire de didactique du français langue étrangère et seconde|Cuq, Jean-Pierre|[Nachdr.]|[]
Das Wahrnehmungsspielebuch|Günther, Sybille|0|[]
Digitalfotografie für Fortgeschrittene|Striewisch, Tom|5., aktualisierte Aufl.|[]
Das absolut wahre Tagebuch eines Teilzeit-Indianers|Alexie, Sherman|Dt. Erstausg., 2. Aufl.|[]
10 Grundsätze des Erziehens|Montessori, Maria|3. Aufl. der Jubiläumsausg. 2010|[]
Die Essensfälscher|Bode, Thilo|7. Aufl.|[]
Europa in Sagen und Märchen|Giribone-Fritz, Béatrice|1. Aufl.|[]
Handbuch Häkeln|Crowfoot, Jane|0|[]
Knoten|Olliffe, Neville|0|[]
Didaktik des Sprechens im Pflichtschulbereich|Fröhler, Horst|0|[]
"Der ""Mann-Zeichen-Test"" in der detailstatistischen Auswertung nach Ziler"|Brosat, Hannelore|Neubearb. Aufl., Nachdruck|[]
Learning to teach English|Watkins, Peter|Reprinted|[]
Forschender und kompetenzorientierter Unterricht in den naturwissenschaftlichen Fächern|Hofer, Hans|1. Aufl.|[]
Morphemunterstütztes Grundwortschatz-Segmentierungstraining|Kargl, Reinhard|0|[]
Textiler Schmuck selbst gemacht|Iwakiri, Emi|0|[]
Chemie - erfahren, verstehen, lehren|Kölle, Ulrich|0|[]
Hören ohne Grenzen|Schönicke, Judith|Dr. A,1|[]
Umweltbildung und Schulgarten|Giest, Hartmut|2., unveränderte Aufl.|[]
Erprobung und Bewertung eines selbsterstellten bodenkundlichen Exkursionsführers zur Förderung des projekt- und schülerorientierten Lernens in einer 10. Klasse der Realschule|Sammet, Markus Sebastian|0|[]
Bildungsprozesse verstehen - Bildungschancen erkennen|0|0|[]
1001 Kinder- & Jugendbücher|Eccleshare, Julia|Dt. Ausg., 1. Aufl.|[]
The paper bag princess|Munsch, Robert N.|0|[]
Tobi-Fibel|0|1. Aufl.|[]
Offene Aufgaben für individuelles Lernen im Mathematikunterricht der Grundschule ...|Rasch, Renate|1. Aufl. [Nachdr.]|[]
Startklar für den Schulanfang?|Knecht, Cornelius|2. Aufl.|[]
Empathie im Klassenzimmer|Hart, Sura|2., Aufl.|[]
Prologo|0|0|[]
Sunshine|0|1. Aufl. [Nachdr.]|[]
Sunshine|0|1. Aufl. [Nachdr.]|[]
Sunshine|0|1. Aufl., [Nachdr.]|[]
Sunshine|0|1. Aufl.[Nachdr.]|[]
Sunshine|0|1. Aufl.|[]
Denkkulturen. Selbstwerdung des Menschen. Erziehungskulturen.|Liimets, Airi|0|[]
Bibeltexte kreativ bearbeiten und erschließen|Schuhmacher, Christian|0|[]
STEP - Das Buch für Erzieher/innen|Dinkmeyer, Don, Sr.|2., durchgesehene Aufl.|[]
Prädiktoren der Schulleistung im Grundschulalter - unter besonderer Berücksichtigung von Intelligenztestdaten|Gienger, Claudia Angelika|0|[]
Selbsthilfe bei Angst im Kindes- und Jugendalter|Schmidt-Traub, Sigrun|2., überarb. Aufl.|[]
Mathematics curriculum|Reys, Barbara J.|0|[]
Die Ästhetik des Stillstands|Schwahl, Markus|1. Aufl.|[]
Conceptualising 'learning' in applied linguistics|Seedhouse, Paul|0|[]
Expedition Haushalt|0|0|[]
Planetino|Kopp, Gabriele|1. Aufl.|[]
"Kunstbetrachtung als Ausgangspunkt für Ästhetische Bildung im Fächerverbund ""Musik-Sport-Gestalten"" (MSG)"|Jüdt, Norbert|Sonderdruck|[]
The death and life of the great American school system|Ravitch, Diane|0|[]
Mathematical reasoning|Nickerson, Raymond S.|0|[]
Deutsch.com|Breitsameter, Anna|1. Aufl.|[]
Kindliche Wortfindungsstörungen|Glück, Christian W.|4., durchgesehene Aufl.|[]
Critical pedagogy, ecoliteracy, and planetary crisis|Kahn, Richard V.|0|[]
Auditive Verarbeitungs- und Wahrnehmungsstörungen (AVWS) bei Schulkindern|Nickisch, Andreas|4., überarb. Aufl.|[]
Ich lerne Badminton|Barth, Katrin|1. Aufl.|[]
Materialien für einen projektorientierten Mathematik- und Informatikunterricht|Greefrath, Gilbert|0|[]
Heinz' Life|Heuser, Lutz|Lizenzausg.|[]
Wenn das Spiegelbild zur Qual wird|Ritter, Viktoria|0|[]
Die Fund-Sache|Tan, Shaun|[Nachdr.]|[]
Oskar|0|1. Aufl.|[]
Frida & Co|0|0|[]
Rondo|0|[Nachdr.]|[]
Rondo|0|[Nachdr.]|[]
Georg Büchner, Der hessische Landbote - Woyzeck|Große, Wilhelm|2., überarb. und korrigierte Aufl., unveränd. Nachdr.|[]
Adipositas bei Kindern und Jugendlichen in Deutschland|Faß, Angelina|1. Aufl.|[]
Die Matheprofis|0|1. Aufl.|[]
Prologo|0|[Nachdr.]|[]
Mobile Lesebuch|0|0|[]
Mobile|0|0|[]
Friedrich II.|Rader, Olaf B.|2., durchges. Aufl.|[]
Unterrichtsmethoden Sekundarstufe|Schumann, Wolfgang|Sonderausg.|[]
Doppel-Klick|0|2. Aufl., [Nachdr.]|[]
Große Klassik für kleine Hörer|0|0|[]
Grundkurs Kunst|0|[Nachdr.]|[]
Prologo|0|Dr. A, [Nachdr.]|[]
Fächerübergreifende Elemente im Mathematikunterricht zur Förderung von mathematical literacy|Zell, Simon|0|[]
Unterrichtsmethoden in der Grundschule|Schumann, Wolfgang|Sonderausgabe|[]
Bausteine Sprachbuch|0|0|[]
How to teach pronunciation|0|12. impr.|[]
Das große Forscherbuch für Grundschulkinder|Schettler, Heike|1. Aufl.|[]
Red Line|0|1. Aufl.|[]
Multi|0|Neuaufl.|[]
Das sozialpädagogische Praktikum|Ellermann, Walter|2., überarb. Aufl.|[]
Bausteine Lesebuch|0|0|[]
Portobello Road|0|0|[]
Lernfeld Hauswirtschaft|Schlieper, Cornelia A.|7., überarb. und erw. Aufl.|[]
Das Lesen anregen, fördern, begleiten|Bertschi-Kaufmann, Andrea|2. Aufl.|[]
Facebook, Twitter & Co.|Cantzler, Sandra|0|[]
Internet-Praxisbuch|Schirmer, Thomas|0|[]
Learning through teaching mathematics|Leyḳin, Rozah|1. Aufl.|[]
Der Islam im 3. Jahrtausend|Hofmann, Murad Wilfried|3. Aufl.|[]
Forschen wie ein Naturwissenschaftler|Stäudel, Lutz|Unveränd. Nachdr., 1. Aufl.|[]
Studio d|0|1. Aufl., 9. Druck|[]
Praxisforschung in der Kinder- und Jugendhilfe|Maykus, Stephan|2., durchges. Aufl.|[]
Management und Organisation von Wissensarbeit|Dörhöfer, Steffen|1. Aufl.|[]
Essen geht durch den Magen|Tummel, Birgitta|9., überarb. Aufl.|[]
Kochwerkstatt|Meuth, Martina|0|[]
Vom Kindergarten in die Grundschule|Bisdorf, Marcel Klaus|Dr. A,1|[]
Erste Hilfe am Kind|Keggenhoff, Franz|1. Aufl.|[]
Handbuch für die Unterrichtsgestaltung in der Grundschule|Maras, Rainer|5. Aufl.|[]
Medienkompetenz entwickeln und fördern von Anfang an|Brunner, Irmtrud|1. Aufl.|[]
Kleine Schritte vom Frontalunterricht zur Individualisierung|Boyken, Heinz-Peter|1. Aufl.|[]
Erfolg in der Schule|Schoenaker, Theo|Orig.-Ausg., 2., korrigierte und erw. Aufl.|[]
Neu an der Schule|Knaut, Gisela|0|[]
Kurzgeschichten|Lill, Klaus|Dr. 1|[]
Leseprojekte in der Sekundarstufe|Gessner, Elisabeth|0|[]
35 Unterrichtsideen für jeden Tag|Metzger, Klaus|1. Aufl.|[]
Tausend strahlende Sonnen|Hosseini, Khaled|12. Aufl.|[]
Lösungs- und entwicklungsorientierte Beratung in der schulischen Erziehungshilfe|Bischoff, Julia|0|[]
Lesekompetenzen gezielt fördern|Honnef-Becker, Irmgard|1. Aufl.|[]
Ein Klassenaquarium einrichten|Scholz, Markus|1. Aufl.|[]
Trainingsraum Kritik|Bröcher, Joachim|1. Aufl.|[]
Chancengerechtigkeit und Bildung im Vorschulbereich|Peterek, Katharina|0|[]
Mobbing gegen Streber|Gaida, Carmen|0|[]
Schulknigge für die Sekundarstufe 2|Rackl, Franz|1. Aufl.|[]
Klasse(n-) Fahrt!|Hillebrecht, Regina|0|[]
Schätze im Kindergartenalltag|Helbig, Elke|1. Aufl.|[]
Abschied von der Grundschule - kinderleicht!|Sander, Manon|1. Aufl.|[]
Öffentlichkeitsarbeit in Kindergarten und Kita|Stamer-Brandt, Petra|0|[]
Kognitive Repräsentationen in der Grundschule|Thies, Barbara|0|[]
Philosophy of education in the era of globalization|Raley, Yvonne|1. publ.|[]
Sonne, Wind und Regen|Staguhn, Gerhard|0|[]
